method,method_zh,seed,degradation,degradation_zh,level,auc,pr_auc,f1,threshold,auc_drop_from_clean,pr_auc_drop_from_clean,f1_drop_from_clean
resnet18_baseline,ResNet18（无增强）,1,clean,干净数据,0,0.987238504424326,0.9635879215542112,0.897196261682243,0.0099012656137347,0.0,0.0,0.0
resnet18_baseline,ResNet18（无增强）,1,low_contrast,低对比度,1,0.9867014474962916,0.9611596892348035,0.9014084507042254,0.0099012656137347,0.0005370569280344073,0.002428232319407697,-0.004212189021982393
resnet18_baseline,ResNet18（无增强）,1,low_contrast,低对比度,2,0.9861643905682572,0.9580586928017564,0.8837209302325582,0.0099012656137347,0.0010741138560688146,0.005529228752454873,0.013475331449684824
resnet18_baseline,ResNet18（无增强）,1,low_contrast,低对比度,3,0.9831210679760624,0.9456676407590686,0.8468468468468469,0.0099012656137347,0.004117436448263678,0.01792028079514263,0.05034941483539612
resnet18_baseline,ResNet18（无增强）,1,low_contrast,低对比度,4,0.968569382640274,0.9050097765804154,0.7894736842105263,0.0099012656137347,0.018669121784052,0.058578144973795876,0.10772257747171665
resnet18_baseline,ResNet18（无增强）,1,low_contrast,低对比度,5,0.912408572451537,0.7902133308451118,0.6575342465753424,0.0099012656137347,0.07482993197278909,0.17337459070909944,0.23966201510690055
resnet18_baseline,ResNet18（无增强）,1,gaussian_noise,高斯噪声,1,0.9866247250780013,0.962110855567184,0.8878504672897196,0.0099012656137347,0.0006137793463247831,0.0014770659870272373,0.009345794392523366
resnet18_baseline,ResNet18（无增强）,1,gaussian_noise,高斯噪声,2,0.9828397524423303,0.9591349201188724,0.8796296296296297,0.0099012656137347,0.0043987519819956855,0.004453001435338888,0.01756663205261333
resnet18_baseline,ResNet18（无增强）,1,gaussian_noise,高斯噪声,3,0.9794639660375428,0.9527273228969324,0.8392857142857143,0.0099012656137347,0.007774538386783214,0.010860598657278842,0.05791054739652868
resnet18_baseline,ResNet18（无增强）,1,gaussian_noise,高斯噪声,4,0.9719451690450616,0.9343937303341248,0.7982062780269058,0.0099012656137347,0.015293335379264472,0.029194191220086485,0.09898998365533718
resnet18_baseline,ResNet18（无增强）,1,gaussian_noise,高斯噪声,5,0.9459106951051096,0.9028225695717488,0.7623318385650224,0.0099012656137347,0.041327809319216424,0.06076535198246247,0.13486442311722058
resnet18_baseline,ResNet18（无增强）,1,gaussian_blur,高斯模糊,1,0.9884916372564064,0.966905496505568,0.892018779342723,0.0099012656137347,-0.0012531328320803947,-0.003317574951356761,0.005177482339519979
resnet18_baseline,ResNet18（无增强）,1,gaussian_blur,高斯模糊,2,0.989310009718173,0.9686114222220816,0.8837209302325582,0.0099012656137347,-0.0020715052938469203,-0.005023500667870384,0.013475331449684824
resnet18_baseline,ResNet18（无增强）,1,gaussian_blur,高斯模糊,3,0.9873919492609072,0.9640898220866404,0.8558558558558559,0.0099012656137347,-0.0001534448365811958,-0.0005019005324291559,0.041340405826387094
resnet18_baseline,ResNet18（无增强）,1,gaussian_blur,高斯模糊,4,0.9788246125517877,0.9439879067681236,0.7755102040816326,0.0099012656137347,0.008413891872538382,0.01960001478608764,0.12168605760061035
resnet18_baseline,ResNet18（无增强）,1,gaussian_blur,高斯模糊,5,0.9629430719656284,0.9018319673065784,0.6506849315068494,0.0099012656137347,0.024295432458697586,0.061755954247632805,0.24651133017539362
resnet18_baseline,ResNet18（无增强）,1,window_shift,窗位偏移,1,0.9868804664723032,0.9626290949608582,0.8930232558139535,0.0099012656137347,0.0003580379520228272,0.0009588265933530016,0.004173005868289503
resnet18_baseline,ResNet18（无增强）,1,window_shift,窗位偏移,2,0.9863945578231292,0.960952846837692,0.8888888888888888,0.0099012656137347,0.0008439466011967989,0.002635074716519248,0.00830737279335414
resnet18_baseline,ResNet18（无增强）,1,window_shift,窗位偏移,3,0.9856017595007928,0.9586429947592428,0.8744186046511628,0.0099012656137347,0.0016367449235332732,0.004944926794968496,0.022777657031080145
resnet18_baseline,ResNet18（无增强）,1,window_shift,窗位偏移,4,0.9842463301109918,0.9542653517238888,0.8703703703703703,0.0099012656137347,0.002992174313334206,0.009322569830322425,0.02682589131187263
resnet18_baseline,ResNet18（无增强）,1,window_shift,窗位偏移,5,0.9773668866042656,0.9416321365226336,0.8558139534883721,0.0099012656137347,0.009871617820060408,0.02195578503157769,0.0413823081938709
resnet18_baseline,ResNet18（无增强）,1,jpeg,JPEG 压缩,1,0.9870339113088844,0.9635206246333768,0.8930232558139535,0.0099012656137347,0.0002045931154416314,6.72969208344032e-05,0.004173005868289503
resnet18_baseline,ResNet18（无增强）,1,jpeg,JPEG 压缩,2,0.9865991509385708,0.96189822514635,0.8837209302325582,0.0099012656137347,0.0006393534857552785,0.0016896964078612076,0.013475331449684824
resnet18_baseline,ResNet18（无增强）,1,jpeg,JPEG 压缩,3,0.986241112986548,0.9587411067481576,0.8878504672897196,0.0099012656137347,0.0009973914377779947,0.004846814806053645,0.009345794392523366
resnet18_baseline,ResNet18（无增强）,1,jpeg,JPEG 压缩,4,0.9867525957751522,0.9607732910142156,0.8785046728971962,0.0099012656137347,0.0004859086491738607,0.002814630539995644,0.01869158878504673
resnet18_baseline,ResNet18（无增强）,1,jpeg,JPEG 压缩,5,0.9851669991304792,0.956872868425508,0.8679245283018868,0.0099012656137347,0.0020715052938468093,0.006715053128703241,0.029271733380356157
resnet18_baseline,ResNet18（无增强）,1,resample,下采样,1,0.9893867321364636,0.9695902961162318,0.8878504672897196,0.0099012656137347,-0.002148227712137518,-0.006002374562020574,0.009345794392523366
resnet18_baseline,ResNet18（无增强）,1,resample,下采样,2,0.9887729527901384,0.9667834817476824,0.8796296296296297,0.0099012656137347,-0.001534448365812402,-0.003195560193471114,0.01756663205261333
resnet18_baseline,ResNet18（无增强）,1,resample,下采样,3,0.9884916372564064,0.9666683613148666,0.8727272727272727,0.0099012656137347,-0.0012531328320803947,-0.003080439760655307,0.024468988954970294
resnet18_baseline,ResNet18（无增强）,1,resample,下采样,4,0.9819958058411336,0.9484173213136108,0.8050847457627118,0.0099012656137347,0.005242698583192484,0.015170600240600463,0.09211151591953115
resnet18_baseline,ResNet18（无增强）,1,resample,下采样,5,0.9487238504424326,0.8687184666761468,0.6418918918918919,0.0099012656137347,0.038514653981893465,0.09486945487806442,0.2553043697903511
resnet18_augmented,ResNet18（强增强）,1,clean,干净数据,0,0.9949363203928188,0.9860503188287268,0.9142857142857144,0.2202884256839752,0.0,0.0,0.0
resnet18_augmented,ResNet18（强增强）,1,low_contrast,低对比度,1,0.99511533936883,0.9863450140368336,0.9142857142857144,0.2202884256839752,-0.00017901897601124706,-0.00029469520810676553,0.0
resnet18_augmented,ResNet18（强增强）,1,low_contrast,低对比度,2,0.9951920617871208,0.9843993023980422,0.9142857142857144,0.2202884256839752,-0.000255741394302067,0.0016510164306846598,0.0
resnet18_augmented,ResNet18（强增强）,1,low_contrast,低对比度,3,0.993990077233901,0.9786941076119025,0.8952380952380953,0.2202884256839752,0.0009462431589177811,0.007356211216824393,0.01904761904761909
resnet18_augmented,ResNet18（强增强）,1,low_contrast,低对比度,4,0.980589228172472,0.9464809367329372,0.8502415458937198,0.2202884256839752,0.014347092220346802,0.03956938209578964,0.06404416839199456
resnet18_augmented,ResNet18（强增强）,1,low_contrast,低对比度,5,0.9127666104035598,0.8447300673839268,0.7835051546391752,0.2202884256839752,0.08216970998925899,0.1413202514448001,0.13078055964653912
resnet18_augmented,ResNet18（强增强）,1,gaussian_noise,高斯噪声,1,0.9950130428111096,0.9857366288977086,0.9186602870813396,0.2202884256839752,-7.672241829081994e-05,0.00031368993101821285,-0.004374572795625253
resnet18_augmented,ResNet18（强增强）,1,gaussian_noise,高斯噪声,2,0.9951153393688302,0.9852153053946372,0.9090909090909092,0.2202884256839752,-0.0001790189760114691,0.0008350134340896487,0.0051948051948051965
resnet18_augmented,ResNet18（强增强）,1,gaussian_noise,高斯噪声,3,0.9926346478441002,0.9782342315640736,0.892018779342723,0.2202884256839752,0.002301672548718603,0.007816087264653215,0.022266934942991368
resnet18_augmented,ResNet18（强增强）,1,gaussian_noise,高斯噪声,4,0.9868804664723032,0.965656275054686,0.8815165876777251,0.2202884256839752,0.008055853920515554,0.02039404377404086,0.03276912660798925
resnet18_augmented,ResNet18（强增强）,1,gaussian_noise,高斯噪声,5,0.9775459055802772,0.9447537577222386,0.8653846153846154,0.2202884256839752,0.017390414812541555,0.04129656110648827,0.04890109890109895
resnet18_augmented,ResNet18（强增强）,1,gaussian_blur,高斯模糊,1,0.9952687842054116,0.9870199132510702,0.9142857142857144,0.2202884256839752,-0.00033246381259288693,-0.000969594422343345,0.0
resnet18_augmented,ResNet18（强增强）,1,gaussian_blur,高斯模糊,2,0.9957035445757252,0.98780977125271,0.919431279620853,0.2202884256839752,-0.000767224182906423,-0.001759452423983121,-0.005145565335138658
resnet18_augmented,ResNet18（强增强）,1,gaussian_blur,高斯模糊,3,0.995319932484272,0.9864223178017404,0.9178743961352656,0.2202884256839752,-0.0003836120914532115,-0.0003719989730135431,-0.0035886818495511896
resnet18_augmented,ResNet18（强增强）,1,gaussian_blur,高斯模糊,4,0.9934785944452968,0.980323914759492,0.8755760368663594,0.2202884256839752,0.001457725947521915,0.005726404069234858,0.03870967741935494
resnet18_augmented,ResNet18（强增强）,1,gaussian_blur,高斯模糊,5,0.9868037440540124,0.9630266355235282,0.8103448275862069,0.2202884256839752,0.008132576338806374,0.02302368330519866,0.10394088669950752
resnet18_augmented,ResNet18（强增强）,1,window_shift,窗位偏移,1,0.9951664876476908,0.9864953021935566,0.9142857142857144,0.2202884256839752,-0.00023016725487201573,-0.0004449833648297874,0.0
resnet18_augmented,ResNet18（强增强）,1,window_shift,窗位偏移,2,0.995319932484272,0.9865036831125608,0.9142857142857144,0.2202884256839752,-0.0003836120914532115,-0.0004533642838339125,0.0
resnet18_augmented,ResNet18（强增强）,1,window_shift,窗位偏移,3,0.9956268221574344,0.9865641241521912,0.9186602870813396,0.2202884256839752,-0.0006905017646156031,-0.0005138053234643447,-0.004374572795625253
resnet18_augmented,ResNet18（强增强）,1,window_shift,窗位偏移,4,0.9956779704362948,0.9857829925497448,0.9230769230769232,0.2202884256839752,-0.0007416500434760387,0.00026732627898207184,-0.008791208791208871
resnet18_augmented,ResNet18（强增强）,1,window_shift,窗位偏移,5,0.9956268221574344,0.9850826594855412,0.9230769230769232,0.2202884256839752,-0.0006905017646156031,0.0009676593431856562,-0.008791208791208871
resnet18_augmented,ResNet18（强增强）,1,jpeg,JPEG 压缩,1,0.994961894532249,0.9860707030445204,0.9186602870813396,0.2202884256839752,-2.5574139430273313e-05,-2.038421579353411e-05,-0.004374572795625253
resnet18_augmented,ResNet18（强增强）,1,jpeg,JPEG 压缩,2,0.9949363203928188,0.9860619926502472,0.9142857142857144,0.2202884256839752,0.0,-1.1673821520341576e-05,0.0
resnet18_augmented,ResNet18（强增强）,1,jpeg,JPEG 压缩,3,0.9943736893253542,0.98449771412785,0.919431279620853,0.2202884256839752,0.0005626310674645696,0.001552604700876814,-0.005145565335138658
resnet18_augmented,ResNet18（强增强）,1,jpeg,JPEG 压缩,4,0.9946805789985168,0.9848062452382768,0.9142857142857144,0.2202884256839752,0.00025574139430195597,0.00124407359045009,0.0
resnet18_augmented,ResNet18（强增强）,1,jpeg,JPEG 压缩,5,0.9932995754692856,0.9798080664528744,0.9320388349514565,0.2202884256839752,0.0016367449235331621,0.0062422523758524084,-0.017753120665742084
resnet18_augmented,ResNet18（强增强）,1,resample,下采样,1,0.9954989514602834,0.9873461519930667,0.9142857142857144,0.2202884256839752,-0.0005626310674646806,-0.001295833164339899,0.0
resnet18_augmented,ResNet18（强增强）,1,resample,下采样,2,0.995703544575725,0.9875419156804142,0.9150943396226416,0.2202884256839752,-0.000767224182906201,-0.0014915968516873157,-0.0008086253369272711
resnet18_augmented,ResNet18（强增强）,1,resample,下采样,3,0.9955245255997136,0.9871575712838174,0.927536231884058,0.2202884256839752,-0.0005882052068948429,-0.0011072524550905793,-0.013250517598343614
resnet18_augmented,ResNet18（强增强）,1,resample,下采样,4,0.9945782824407958,0.983271056004361,0.8755760368663594,0.2202884256839752,0.0003580379520229382,0.0027792628243658024,0.03870967741935494
resnet18_augmented,ResNet18（强增强）,1,resample,下采样,5,0.9767275331185106,0.9381620088074314,0.7603305785123967,0.2202884256839752,0.01820878727430819,0.047888310021295455,0.15395513577331765
pbip_lite,PBIP-Lite,1,clean,干净数据,0,0.9950641910899698,0.9852632689161578,0.93,0.6191728711128235,0.0,0.0,0.0
pbip_lite,PBIP-Lite,1,low_contrast,低对比度,1,0.9949874686716792,0.984467518946612,0.9253731343283582,0.6191728711128235,7.67224182905979e-05,0.0007957499695457892,0.004626865671641833
pbip_lite,PBIP-Lite,1,low_contrast,低对比度,2,0.9954222290419928,0.98337564047447,0.9238578680203046,0.6191728711128235,-0.0003580379520230492,0.001887628441687772,0.0061421319796954865
pbip_lite,PBIP-Lite,1,low_contrast,低对比度,3,0.9941435220704824,0.9771269049226092,0.9137055837563453,0.6191728711128235,0.0009206690194873968,0.008136363993548557,0.016294416243654797
pbip_lite,PBIP-Lite,1,low_contrast,低对比度,4,0.9782364073448928,0.9438641026536356,0.8808290155440415,0.6191728711128235,0.016827783745076985,0.04139916626252216,0.04917098445595858
pbip_lite,PBIP-Lite,1,low_contrast,低对比度,5,0.9101836223211088,0.832945894624255,0.7608695652173914,0.6191728711128235,0.08488056876886096,0.15231737429190284,0.1691304347826087
pbip_lite,PBIP-Lite,1,gaussian_noise,高斯噪声,1,0.9950386169505396,0.9852413803657686,0.93,0.6191728711128235,2.557413943016229e-05,2.188855038920412e-05,0.0
pbip_lite,PBIP-Lite,1,gaussian_noise,高斯噪声,2,0.9941435220704824,0.9832549870777998,0.9306930693069309,0.6191728711128235,0.0009206690194873968,0.002008281838357995,-0.0006930693069308047
pbip_lite,PBIP-Lite,1,gaussian_noise,高斯噪声,3,0.9895146028336148,0.9747816572349371,0.9353233830845772,0.6191728711128235,0.005549588256354987,0.010481611681220637,-0.005323383084577138
pbip_lite,PBIP-Lite,1,gaussian_noise,高斯噪声,4,0.9848601094573166,0.9624442786616604,0.9154228855721394,0.6191728711128235,0.010204081632653184,0.022818990254497407,0.014577114427860693
pbip_lite,PBIP-Lite,1,gaussian_noise,高斯噪声,5,0.97787836939287,0.942085619667294,0.8704663212435233,0.6191728711128235,0.017185821697099812,0.0431776492488638,0.05953367875647675
pbip_lite,PBIP-Lite,1,gaussian_blur,高斯模糊,1,0.9957802669940156,0.9863770513066248,0.9292929292929292,0.6191728711128235,-0.0007160759040457654,-0.0011137823904669997,0.0007070707070708782
pbip_lite,PBIP-Lite,1,gaussian_blur,高斯模糊,2,0.996547491176922,0.988045014909448,0.9292929292929292,0.6191728711128235,-0.0014833000869521884,-0.0027817459932901745,0.0007070707070708782
pbip_lite,PBIP-Lite,1,gaussian_blur,高斯模糊,3,0.9967776584317936,0.9875816708503068,0.9393939393939394,0.6191728711128235,-0.00171346734182376,-0.002318401934149006,-0.009393939393939399
pbip_lite,PBIP-Lite,1,gaussian_blur,高斯模糊,4,0.9951409135082604,0.981242108541173,0.92,0.6191728711128235,-7.67224182905979e-05,0.004021160374984789,0.010000000000000009
pbip_lite,PBIP-Lite,1,gaussian_blur,高斯模糊,5,0.9875453940974886,0.9615487925405456,0.883495145631068,0.6191728711128235,0.007518796992481147,0.023714476375612192,0.046504854368932036
pbip_lite,PBIP-Lite,1,window_shift,窗位偏移,1,0.9954222290419928,0.985939344652734,0.93,0.6191728711128235,-0.0003580379520230492,-0.0006760757365762426,0.0
pbip_lite,PBIP-Lite,1,window_shift,窗位偏移,2,0.9958058411334458,0.9863758094840932,0.9292929292929292,0.6191728711128235,-0.0007416500434760387,-0.0011125405679354161,0.0007070707070708782
pbip_lite,PBIP-Lite,1,window_shift,窗位偏移,3,0.9960360083883176,0.9862756902672056,0.934010152284264,0.6191728711128235,-0.0009718172983478324,-0.001012421351047843,-0.004010152284263935
pbip_lite,PBIP-Lite,1,window_shift,窗位偏移,4,0.9962406015037596,0.9864920088963124,0.9292929292929292,0.6191728711128235,-0.0011764104137897968,-0.0012287399801546028,0.0007070707070708782
pbip_lite,PBIP-Lite,1,window_shift,窗位偏移,5,0.9959337118305968,0.9853637287030924,0.9191919191919192,0.6191728711128235,-0.0008695207406269612,-0.00010045978693462576,0.010808080808080822
pbip_lite,PBIP-Lite,1,jpeg,JPEG 压缩,1,0.9951409135082604,0.985599680575134,0.93,0.6191728711128235,-7.67224182905979e-05,-0.00033641165897624337,0.0
pbip_lite,PBIP-Lite,1,jpeg,JPEG 压缩,2,0.995345506623702,0.9860333206134658,0.9253731343283582,0.6191728711128235,-0.0002813155337322293,-0.0007700516973080385,0.004626865671641833
pbip_lite,PBIP-Lite,1,jpeg,JPEG 压缩,3,0.9944759858830752,0.9839835188389682,0.92,0.6191728711128235,0.0005882052068946209,0.001279750077189612,0.010000000000000009
pbip_lite,PBIP-Lite,1,jpeg,JPEG 压缩,4,0.9946805789985168,0.9832272258585754,0.92,0.6191728711128235,0.00038361209145298947,0.002036043057582426,0.010000000000000009
pbip_lite,PBIP-Lite,1,jpeg,JPEG 压缩,5,0.9932228530509948,0.977076635187458,0.9387755102040816,0.6191728711128235,0.0018413380389750156,0.008186633728699766,-0.008775510204081516
pbip_lite,PBIP-Lite,1,resample,下采样,1,0.9962917497826198,0.9875140857930732,0.9246231155778896,0.6191728711128235,-0.0012275586926500104,-0.002250816876915418,0.005376884422110484
pbip_lite,PBIP-Lite,1,resample,下采样,2,0.9964963428980615,0.987577958236466,0.9292929292929292,0.6191728711128235,-0.0014321518080917528,-0.0023146893203082053,0.0007070707070708782
pbip_lite,PBIP-Lite,1,resample,下采样,3,0.996547491176922,0.9870356140393794,0.934010152284264,0.6191728711128235,-0.0014833000869521884,-0.0017723451232216636,-0.004010152284263935
pbip_lite,PBIP-Lite,1,resample,下采样,4,0.9960104342488876,0.9843119632551856,0.9346733668341708,0.6191728711128235,-0.0009462431589177811,0.0009513056609722348,-0.004673366834170745
pbip_lite,PBIP-Lite,1,resample,下采样,5,0.9759858830750346,0.9333655088082312,0.8144796380090498,0.6191728711128235,0.019078308014935152,0.05189776010792657,0.11552036199095028
pbip_full,PBIP + 原型对比损失,1,clean,干净数据,0,0.9950386169505396,0.9853921947024448,0.93,0.618535578250885,0.0,0.0,0.0
pbip_full,PBIP + 原型对比损失,1,low_contrast,低对比度,1,0.9951920617871208,0.9851250631197624,0.9253731343283582,0.618535578250885,-0.0001534448365811958,0.00026713158268232284,0.004626865671641833
pbip_full,PBIP + 原型对比损失,1,low_contrast,低对比度,2,0.9954989514602832,0.9835759021119106,0.9238578680203046,0.618535578250885,-0.00046033450974358736,0.0018162925905341742,0.0061421319796954865
pbip_full,PBIP + 原型对比损失,1,low_contrast,低对比度,3,0.9941690962099126,0.9773276755698848,0.9137055837563453,0.618535578250885,0.0008695207406270722,0.00806451913256001,0.016294416243654797
pbip_full,PBIP + 原型对比损失,1,low_contrast,低对比度,4,0.9773413124648356,0.9433603679245094,0.8808290155440415,0.618535578250885,0.017697304485704057,0.04203182677793538,0.04917098445595858
pbip_full,PBIP + 原型对比损失,1,low_contrast,低对比度,5,0.9058104444785432,0.8264817792044551,0.7608695652173914,0.618535578250885,0.08922817247199644,0.15891041549798968,0.1691304347826087
pbip_full,PBIP + 原型对比损失,1,gaussian_noise,高斯噪声,1,0.9951409135082604,0.985396602707422,0.93,0.618535578250885,-0.00010229655772076018,-4.4080049772521335e-06,0.0
pbip_full,PBIP + 原型对比损失,1,gaussian_noise,高斯噪声,2,0.9941946703493428,0.9833050503226688,0.9306930693069309,0.618535578250885,0.0008439466011967989,0.0020871443797759737,-0.0006930693069308047
pbip_full,PBIP + 原型对比损失,1,gaussian_noise,高斯噪声,3,0.9898982149250678,0.975262637220882,0.9353233830845772,0.618535578250885,0.005140402025471835,0.010129557481562745,-0.005323383084577138
pbip_full,PBIP + 原型对比损失,1,gaussian_noise,高斯噪声,4,0.985371592245921,0.9633588847758988,0.9154228855721394,0.618535578250885,0.009667024704618665,0.022033309926545952,0.014577114427860693
pbip_full,PBIP + 原型对比损失,1,gaussian_noise,高斯噪声,5,0.978389852181474,0.943473018108892,0.882051282051282,0.618535578250885,0.016648764769065627,0.04191917659355282,0.04794871794871802
pbip_full,PBIP + 原型对比损失,1,gaussian_blur,高斯模糊,1,0.995831415272876,0.986457341430668,0.9292929292929292,0.618535578250885,-0.0007927983223363633,-0.0010651467282232208,0.0007070707070708782
pbip_full,PBIP + 原型对比损失,1,gaussian_blur,高斯模糊,2,0.996573065316352,0.9881353423025412,0.9292929292929292,0.618535578250885,-0.001534448365812402,-0.0027431476000964183,0.0007070707070708782
pbip_full,PBIP + 原型对比损失,1,gaussian_blur,高斯模糊,3,0.996803232571224,0.9876442710621656,0.9441624365482234,0.618535578250885,-0.0017646156206844177,-0.0022520763597208004,-0.014162436548223356
pbip_full,PBIP + 原型对比损失,1,gaussian_blur,高斯模糊,4,0.9950641910899698,0.9809092174557704,0.92,0.618535578250885,-2.557413943016229e-05,0.004482977246674347,0.010000000000000009
pbip_full,PBIP + 原型对比损失,1,gaussian_blur,高斯模糊,5,0.9873919492609076,0.9611138820521552,0.8780487804878049,0.618535578250885,0.0076466676896320696,0.02427831265028957,0.05195121951219517
pbip_full,PBIP + 原型对比损失,1,window_shift,窗位偏移,1,0.9954989514602832,0.9862062687275772,0.93,0.618535578250885,-0.00046033450974358736,-0.0008140740251324496,0.0
pbip_full,PBIP + 原型对比损失,1,window_shift,窗位偏移,2,0.9959081376911668,0.986706631416956,0.934010152284264,0.618535578250885,-0.0008695207406271832,-0.0013144367145112579,-0.004010152284263935
pbip_full,PBIP + 原型对比损失,1,window_shift,窗位偏移,3,0.996189453224899,0.9866836988406268,0.934010152284264,0.618535578250885,-0.0011508362743594125,-0.0012915041381820203,-0.004010152284263935
pbip_full,PBIP + 原型对比损失,1,window_shift,窗位偏移,4,0.9962406015037596,0.9864825546562972,0.9292929292929292,0.618535578250885,-0.0012019845532199591,-0.0010903599538524267,0.0007070707070708782
pbip_full,PBIP + 原型对比损失,1,window_shift,窗位偏移,5,0.9959081376911668,0.985276040086952,0.9292929292929292,0.618535578250885,-0.0008695207406271832,0.0001161546154927473,0.0007070707070708782
pbip_full,PBIP + 原型对比损失,1,jpeg,JPEG 压缩,1,0.9951920617871208,0.985772035456462,0.93,0.618535578250885,-0.0001534448365811958,-0.0003798407540172022,0.0
pbip_full,PBIP + 原型对比损失,1,jpeg,JPEG 压缩,2,0.9953966549025626,0.9863934272796908,0.9253731343283582,0.618535578250885,-0.0003580379520229382,-0.0010012325772460473,0.004626865671641833
pbip_full,PBIP + 原型对比损失,1,jpeg,JPEG 压缩,3,0.9945015600225052,0.9840622186744156,0.92,0.618535578250885,0.0005370569280344073,0.0013299760280292006,0.010000000000000009
pbip_full,PBIP + 原型对比损失,1,jpeg,JPEG 压缩,4,0.994834023835098,0.9837096441945548,0.92,0.618535578250885,0.0002045931154416314,0.0016825505078900127,0.010000000000000009
pbip_full,PBIP + 原型对比损失,1,jpeg,JPEG 压缩,5,0.9934018720270062,0.9776538164267754,0.9387755102040816,0.618535578250885,0.0016367449235333842,0.007738378275669366,-0.008775510204081516
pbip_full,PBIP + 原型对比损失,1,resample,下采样,1,0.9963684722009104,0.9877274326477364,0.9292929292929292,0.618535578250885,-0.0013298552503707706,-0.0023352379452916683,0.0007070707070708782
pbip_full,PBIP + 原型对比损失,1,resample,下采样,2,0.996547491176922,0.9877537071249812,0.9292929292929292,0.618535578250885,-0.0015088742263823507,-0.0023615124225364603,0.0007070707070708782
pbip_full,PBIP + 原型对比损失,1,resample,下采样,3,0.9966497877346426,0.9873474405984016,0.934010152284264,0.618535578250885,-0.0016111707841029999,-0.0019552458959568586,-0.004010152284263935
pbip_full,PBIP + 原型对比损失,1,resample,下采样,4,0.9960360083883176,0.9843734790032173,0.9346733668341708,0.618535578250885,-0.0009973914377779947,0.0010187156992275126,-0.004673366834170745
pbip_full,PBIP + 原型对比损失,1,resample,下采样,5,0.9753465295892794,0.9325164193361062,0.8165137614678899,0.618535578250885,0.01969208736126027,0.052875775366338584,0.11348623853211015
