method,seed,degradation,level,auc,pr_auc,f1,threshold
resnet18_baseline,1,clean,0,0.987238504424326,0.9635879215542111,0.897196261682243,0.009901265613734722
resnet18_baseline,1,low_contrast,1,0.9867014474962917,0.9611596892348037,0.9014084507042254,0.009901265613734722
resnet18_baseline,1,low_contrast,2,0.9861643905682573,0.9580586928017563,0.8837209302325582,0.009901265613734722
resnet18_baseline,1,low_contrast,3,0.9831210679760625,0.9456676407590686,0.8468468468468469,0.009901265613734722
resnet18_baseline,1,low_contrast,4,0.9685693826402741,0.9050097765804154,0.7894736842105263,0.009901265613734722
resnet18_baseline,1,low_contrast,5,0.912408572451537,0.7902133308451118,0.6575342465753424,0.009901265613734722
resnet18_baseline,1,gaussian_noise,1,0.9866247250780011,0.9621108555671841,0.8878504672897196,0.009901265613734722
resnet18_baseline,1,gaussian_noise,2,0.9828397524423303,0.9591349201188725,0.8796296296296297,0.009901265613734722
resnet18_baseline,1,gaussian_noise,3,0.9794639660375428,0.9527273228969324,0.8392857142857143,0.009901265613734722
resnet18_baseline,1,gaussian_noise,4,0.9719451690450617,0.9343937303341247,0.7982062780269058,0.009901265613734722
resnet18_baseline,1,gaussian_noise,5,0.9459106951051097,0.9028225695717488,0.7623318385650224,0.009901265613734722
resnet18_baseline,1,gaussian_blur,1,0.9884916372564063,0.9669054965055679,0.892018779342723,0.009901265613734722
resnet18_baseline,1,gaussian_blur,2,0.989310009718173,0.9686114222220817,0.8837209302325582,0.009901265613734722
resnet18_baseline,1,gaussian_blur,3,0.9873919492609073,0.9640898220866403,0.8558558558558559,0.009901265613734722
resnet18_baseline,1,gaussian_blur,4,0.9788246125517877,0.9439879067681236,0.7755102040816326,0.009901265613734722
resnet18_baseline,1,gaussian_blur,5,0.9629430719656283,0.9018319673065784,0.6506849315068494,0.009901265613734722
resnet18_baseline,1,window_shift,1,0.9868804664723032,0.9626290949608582,0.8930232558139535,0.009901265613734722
resnet18_baseline,1,window_shift,2,0.9863945578231292,0.9609528468376919,0.8888888888888888,0.009901265613734722
resnet18_baseline,1,window_shift,3,0.9856017595007928,0.9586429947592429,0.8744186046511628,0.009901265613734722
resnet18_baseline,1,window_shift,4,0.9842463301109918,0.9542653517238887,0.8703703703703703,0.009901265613734722
resnet18_baseline,1,window_shift,5,0.9773668866042657,0.9416321365226336,0.8558139534883721,0.009901265613734722
resnet18_baseline,1,jpeg,1,0.9870339113088845,0.9635206246333768,0.8930232558139535,0.009901265613734722
resnet18_baseline,1,jpeg,2,0.9865991509385709,0.9618982251463499,0.8837209302325582,0.009901265613734722
resnet18_baseline,1,jpeg,3,0.9862411129865479,0.9587411067481576,0.8878504672897196,0.009901265613734722
resnet18_baseline,1,jpeg,4,0.9867525957751522,0.9607732910142156,0.8785046728971962,0.009901265613734722
resnet18_baseline,1,jpeg,5,0.9851669991304792,0.956872868425508,0.8679245283018868,0.009901265613734722
resnet18_baseline,1,resample,1,0.9893867321364636,0.9695902961162318,0.8878504672897196,0.009901265613734722
resnet18_baseline,1,resample,2,0.9887729527901385,0.9667834817476824,0.8796296296296297,0.009901265613734722
resnet18_baseline,1,resample,3,0.9884916372564063,0.9666683613148666,0.8727272727272727,0.009901265613734722
resnet18_baseline,1,resample,4,0.9819958058411336,0.9484173213136107,0.8050847457627118,0.009901265613734722
resnet18_baseline,1,resample,5,0.9487238504424326,0.8687184666761468,0.6418918918918919,0.009901265613734722
resnet18_augmented,1,clean,0,0.9949363203928188,0.9860503188287268,0.9142857142857143,0.22028842568397522
resnet18_augmented,1,low_contrast,1,0.9951153393688301,0.9863450140368335,0.9142857142857143,0.22028842568397522
resnet18_augmented,1,low_contrast,2,0.9951920617871208,0.9843993023980422,0.9142857142857143,0.22028842568397522
resnet18_augmented,1,low_contrast,3,0.993990077233901,0.9786941076119025,0.8952380952380953,0.22028842568397522
resnet18_augmented,1,low_contrast,4,0.980589228172472,0.9464809367329371,0.8502415458937198,0.22028842568397522
resnet18_augmented,1,low_contrast,5,0.9127666104035598,0.8447300673839268,0.7835051546391752,0.22028842568397522
resnet18_augmented,1,gaussian_noise,1,0.9950130428111095,0.9857366288977086,0.9186602870813397,0.22028842568397522
resnet18_augmented,1,gaussian_noise,2,0.9951153393688302,0.9852153053946371,0.9090909090909091,0.22028842568397522
resnet18_augmented,1,gaussian_noise,3,0.9926346478441002,0.9782342315640736,0.892018779342723,0.22028842568397522
resnet18_augmented,1,gaussian_noise,4,0.9868804664723032,0.9656562750546859,0.8815165876777251,0.22028842568397522
resnet18_augmented,1,gaussian_noise,5,0.9775459055802772,0.9447537577222386,0.8653846153846154,0.22028842568397522
resnet18_augmented,1,gaussian_blur,1,0.9952687842054115,0.9870199132510702,0.9142857142857143,0.22028842568397522
resnet18_augmented,1,gaussian_blur,2,0.9957035445757251,0.9878097712527099,0.919431279620853,0.22028842568397522
resnet18_augmented,1,gaussian_blur,3,0.9953199324842719,0.9864223178017404,0.9178743961352657,0.22028842568397522
resnet18_augmented,1,gaussian_blur,4,0.9934785944452968,0.980323914759492,0.8755760368663594,0.22028842568397522
resnet18_augmented,1,gaussian_blur,5,0.9868037440540125,0.9630266355235282,0.8103448275862069,0.22028842568397522
resnet18_augmented,1,window_shift,1,0.9951664876476907,0.9864953021935566,0.9142857142857143,0.22028842568397522
resnet18_augmented,1,window_shift,2,0.9953199324842719,0.9865036831125608,0.9142857142857143,0.22028842568397522
resnet18_augmented,1,window_shift,3,0.9956268221574345,0.9865641241521911,0.9186602870813397,0.22028842568397522
resnet18_augmented,1,window_shift,4,0.9956779704362948,0.9857829925497449,0.9230769230769231,0.22028842568397522
resnet18_augmented,1,window_shift,5,0.9956268221574344,0.9850826594855413,0.9230769230769231,0.22028842568397522
resnet18_augmented,1,jpeg,1,0.994961894532249,0.9860707030445203,0.9186602870813397,0.22028842568397522
resnet18_augmented,1,jpeg,2,0.9949363203928188,0.9860619926502471,0.9142857142857143,0.22028842568397522
resnet18_augmented,1,jpeg,3,0.9943736893253542,0.9844977141278499,0.919431279620853,0.22028842568397522
resnet18_augmented,1,jpeg,4,0.9946805789985167,0.9848062452382769,0.9142857142857143,0.22028842568397522
resnet18_augmented,1,jpeg,5,0.9932995754692855,0.9798080664528743,0.9320388349514563,0.22028842568397522
resnet18_augmented,1,resample,1,0.9954989514602834,0.9873461519930669,0.9142857142857143,0.22028842568397522
resnet18_augmented,1,resample,2,0.995703544575725,0.9875419156804142,0.9150943396226415,0.22028842568397522
resnet18_augmented,1,resample,3,0.9955245255997136,0.9871575712838174,0.927536231884058,0.22028842568397522
resnet18_augmented,1,resample,4,0.9945782824407958,0.983271056004361,0.8755760368663594,0.22028842568397522
resnet18_augmented,1,resample,5,0.9767275331185106,0.9381620088074314,0.7603305785123967,0.22028842568397522
pbip_lite,1,clean,0,0.9950641910899698,0.9852632689161578,0.93,0.6191728711128235
pbip_lite,1,low_contrast,1,0.9949874686716793,0.9844675189466121,0.9253731343283582,0.6191728711128235
pbip_lite,1,low_contrast,2,0.9954222290419927,0.98337564047447,0.9238578680203046,0.6191728711128235
pbip_lite,1,low_contrast,3,0.9941435220704823,0.9771269049226091,0.9137055837563451,0.6191728711128235
pbip_lite,1,low_contrast,4,0.9782364073448929,0.9438641026536357,0.8808290155440415,0.6191728711128235
pbip_lite,1,low_contrast,5,0.9101836223211088,0.832945894624255,0.7608695652173914,0.6191728711128235
pbip_lite,1,gaussian_noise,1,0.9950386169505396,0.9852413803657686,0.93,0.6191728711128235
pbip_lite,1,gaussian_noise,2,0.9941435220704823,0.9832549870777998,0.9306930693069307,0.6191728711128235
pbip_lite,1,gaussian_noise,3,0.9895146028336147,0.9747816572349371,0.9353233830845771,0.6191728711128235
pbip_lite,1,gaussian_noise,4,0.9848601094573166,0.9624442786616603,0.9154228855721394,0.6191728711128235
pbip_lite,1,gaussian_noise,5,0.9778783693928699,0.942085619667294,0.8704663212435233,0.6191728711128235
pbip_lite,1,gaussian_blur,1,0.9957802669940157,0.9863770513066247,0.9292929292929293,0.6191728711128235
pbip_lite,1,gaussian_blur,2,0.9965474911769219,0.9880450149094481,0.9292929292929293,0.6191728711128235
pbip_lite,1,gaussian_blur,3,0.9967776584317937,0.9875816708503067,0.9393939393939394,0.6191728711128235
pbip_lite,1,gaussian_blur,4,0.9951409135082605,0.981242108541173,0.92,0.6191728711128235
pbip_lite,1,gaussian_blur,5,0.9875453940974886,0.9615487925405455,0.883495145631068,0.6191728711128235
pbip_lite,1,window_shift,1,0.9954222290419927,0.9859393446527339,0.93,0.6191728711128235
pbip_lite,1,window_shift,2,0.9958058411334458,0.9863758094840931,0.9292929292929293,0.6191728711128235
pbip_lite,1,window_shift,3,0.9960360083883177,0.9862756902672056,0.934010152284264,0.6191728711128235
pbip_lite,1,window_shift,4,0.9962406015037595,0.9864920088963124,0.9292929292929293,0.6191728711128235
pbip_lite,1,window_shift,5,0.9959337118305969,0.9853637287030923,0.9191919191919192,0.6191728711128235
pbip_lite,1,jpeg,1,0.9951409135082605,0.9855996805751341,0.93,0.6191728711128235
pbip_lite,1,jpeg,2,0.9953455066237021,0.9860333206134658,0.9253731343283582,0.6191728711128235
pbip_lite,1,jpeg,3,0.9944759858830751,0.9839835188389682,0.92,0.6191728711128235
pbip_lite,1,jpeg,4,0.9946805789985167,0.9832272258585754,0.92,0.6191728711128235
pbip_lite,1,jpeg,5,0.9932228530509949,0.9770766351874581,0.9387755102040817,0.6191728711128235
pbip_lite,1,resample,1,0.9962917497826198,0.9875140857930731,0.9246231155778895,0.6191728711128235
pbip_lite,1,resample,2,0.9964963428980615,0.9875779582364661,0.9292929292929293,0.6191728711128235
pbip_lite,1,resample,3,0.9965474911769219,0.9870356140393794,0.934010152284264,0.6191728711128235
pbip_lite,1,resample,4,0.9960104342488876,0.9843119632551856,0.9346733668341709,0.6191728711128235
pbip_lite,1,resample,5,0.9759858830750346,0.9333655088082311,0.8144796380090498,0.6191728711128235
pbip_full,1,clean,0,0.9950386169505395,0.9853921947024449,0.93,0.618535578250885
pbip_full,1,low_contrast,1,0.9951920617871208,0.9851250631197623,0.9253731343283582,0.618535578250885
pbip_full,1,low_contrast,2,0.9954989514602833,0.9835759021119106,0.9238578680203046,0.618535578250885
pbip_full,1,low_contrast,3,0.9941690962099126,0.9773276755698849,0.9137055837563451,0.618535578250885
pbip_full,1,low_contrast,4,0.9773413124648356,0.9433603679245094,0.8808290155440415,0.618535578250885
pbip_full,1,low_contrast,5,0.9058104444785433,0.8264817792044551,0.7608695652173914,0.618535578250885
pbip_full,1,gaussian_noise,1,0.9951409135082605,0.9853966027074221,0.93,0.618535578250885
pbip_full,1,gaussian_noise,2,0.9941946703493427,0.9833050503226687,0.9306930693069307,0.618535578250885
pbip_full,1,gaussian_noise,3,0.9898982149250678,0.9752626372208821,0.9353233830845771,0.618535578250885
pbip_full,1,gaussian_noise,4,0.985371592245921,0.9633588847758988,0.9154228855721394,0.618535578250885
pbip_full,1,gaussian_noise,5,0.978389852181474,0.9434730181088921,0.882051282051282,0.618535578250885
pbip_full,1,gaussian_blur,1,0.995831415272876,0.9864573414306681,0.9292929292929293,0.618535578250885
pbip_full,1,gaussian_blur,2,0.996573065316352,0.9881353423025412,0.9292929292929293,0.618535578250885
pbip_full,1,gaussian_blur,3,0.996803232571224,0.9876442710621657,0.9441624365482234,0.618535578250885
pbip_full,1,gaussian_blur,4,0.9950641910899698,0.9809092174557703,0.92,0.618535578250885
pbip_full,1,gaussian_blur,5,0.9873919492609075,0.9611138820521553,0.8780487804878049,0.618535578250885
pbip_full,1,window_shift,1,0.9954989514602833,0.9862062687275771,0.93,0.618535578250885
pbip_full,1,window_shift,2,0.9959081376911667,0.9867066314169559,0.934010152284264,0.618535578250885
pbip_full,1,window_shift,3,0.996189453224899,0.9866836988406269,0.934010152284264,0.618535578250885
pbip_full,1,window_shift,4,0.9962406015037595,0.9864825546562972,0.9292929292929293,0.618535578250885
pbip_full,1,window_shift,5,0.9959081376911667,0.9852760400869519,0.9292929292929293,0.618535578250885
pbip_full,1,jpeg,1,0.9951920617871209,0.9857720354564619,0.93,0.618535578250885
pbip_full,1,jpeg,2,0.9953966549025626,0.9863934272796908,0.9253731343283582,0.618535578250885
pbip_full,1,jpeg,3,0.9945015600225052,0.9840622186744157,0.92,0.618535578250885
pbip_full,1,jpeg,4,0.994834023835098,0.9837096441945548,0.92,0.618535578250885
pbip_full,1,jpeg,5,0.9934018720270062,0.9776538164267754,0.9387755102040817,0.618535578250885
pbip_full,1,resample,1,0.9963684722009105,0.9877274326477363,0.9292929292929293,0.618535578250885
pbip_full,1,resample,2,0.9965474911769219,0.9877537071249813,0.9292929292929293,0.618535578250885
pbip_full,1,resample,3,0.9966497877346426,0.9873474405984016,0.934010152284264,0.618535578250885
pbip_full,1,resample,4,0.9960360083883177,0.9843734790032173,0.9346733668341709,0.618535578250885
pbip_full,1,resample,5,0.9753465295892794,0.9325164193361062,0.8165137614678899,0.618535578250885
